codon,count_selected,count_pseudo_selected,count_reference,count_pseudo_reference,enrichment
ATT,169080,169080.1,53527,53527.1,1.126783200588469
CGC,162366,162366.1,63907,63907.1,0.8126200477114361
TAG,136769,136769.1,43224,43224.1,1.1292522187641985
CCT,112566,112566.1,66755,66755.1,0.22124017707408428
ATG,110051,110051.1,57153,57153.1,0.41268763485907994
CTT,105630,105630.1,51824,51824.1,0.4947436638031611
AAG,96947,96947.1,32763,32763.1,1.0325436012006637
TGG,91857,91857.1,33973,33973.1,0.9024160962154116
CAG,85729,85729.1,96987,96987.1,-0.7105901460147998
GCA,69414,69414.1,55272,55272.1,-0.2039049545508764
AAC,67651,67651.1,48558,48558.1,-0.05418085274493214
ACT,63328,63328.1,51829,51829.1,-0.24349881909613028
TAC,60495,60495.1,37801,37801.1,0.14580780141539254
TTT,60438,60438.1,55203,55203.1,-0.40187325145191344
CAC,57928,57928.1,69277,69277.1,-0.7906974652660057
TGT,56610,56610.1,67347,67347.1,-0.7831386245528584
TCT,53026,53026.1,50883,50883.1,-0.47306619678089706
GTC,44039,44039.1,40006,40006.1,-0.3940172813273256
GGA,41936,41936.1,28541,28541.1,0.022569487498630865
GAG,20142,20142.1,75573,75573.1,-2.440240970562221
GAC,7427,7427.1,76465,76465.1,-3.896512791493083
