codon,letter,count_selected,count_pseudo_selected,count_reference,count_pseudo_reference,enrichment
GGT,G,2378,2378.1,1598,1598.1,0.4869092419418984
GAG,E,1754,1754.1,2168,2168.1,-0.39224275653437063
GAC,D,1286,1286.1,1210,1210.1,0.001334095866534095
ATG,M,1064,1064.1,460,460.1,1.1230719209993096
CAG,Q,983,983.1,1062,1062.1,-0.19805198157664952
TGA,O,888,888.1,666,666.1,0.32844089761984757
AGC,S,835,835.1,291,291.1,1.4338916720762762
TGG,W,717,717.1,441,441.1,0.6145261036104692
GCC,A,622,622.1,506,506.1,0.21118157835272758
CCC,P,521,521.1,533,533.1,-0.11938838087207548
CTG,L,521,521.1,557,557.1,-0.18291851477881813
CAC,H,489,489.1,462,462.1,-0.004618078382534474
AAG,K,458,458.1,380,380.1,0.18274108410225204
AAC,N,453,453.1,670,670.1,-0.6510893698233147
ATC,I,383,383.1,569,569.1,-0.657503607262542
AGA,R,335,335.1,451,451.1,-0.5153980530686719
ACC,T,309,309.1,521,521.1,-0.8400290541271155
TGC,C,302,302.1,438,438.1,-0.6227764841487997
GTG,V,253,253.1,334,334.1,-0.48711492877807616
TAC,Y,237,237.1,440,440.1,-0.9788781624663283
TTC,F,204,204.1,362,362.1,-0.9136544479972486
